Date,Precipitation (mm),Ambient Temp (°C),Humidity (%),Soil Temp (°C),Soil Moisture (%),Watering Action,Watering Duration (minutes)
2023-11-29,18.678344844520932,21.611752731228233,67.66961450015005,17.256004700373246,13.420023408435618,Skip Watering,0
2023-11-28,10.66777813753652,27.74001842594533,51.55316139832847,19.548672593076436,24.391375497997835,Skip Watering,0
2023-11-27,11.094988643550414,28.009528075252156,63.75695455937388,15.28941945256354,15.571368290423141,Skip Watering,0
2023-11-26,10.077184593744505,27.10656800367326,50.215095280721286,22.759313665673943,10.952511434729962,Skip Watering,0
2023-11-25,4.515716332987778,30.72507347672704,54.985000120241935,25.205639619394734,22.21187230351348,Water More,25
2023-11-24,18.43266119434893,33.01915192647203,45.97165851131066,23.387944487802756,12.628180642376137,Skip Watering,0
2023-11-23,19.142403955329986,34.45469210653444,63.38998478511054,26.16183373094605,17.7019684881442,Skip Watering,0
2023-11-22,12.124194247741823,22.596454971824258,43.23418516787512,22.547873541277788,24.583229609010864,Skip Watering,0
2023-11-21,18.287529717565878,31.390043363801723,53.95476818458903,23.250725866959318,19.359059953704108,Skip Watering,0
2023-11-20,3.181472907288858,24.820872963805652,71.0568306756247,29.691157999944398,21.657714854914083,Water More,25
2023-11-19,7.371333920669656,25.893560108422037,77.82909530271131,24.581522919103808,10.171738897683857,Water More,30
2023-11-18,1.2734813698015524,26.548266323940744,57.18183843568168,18.356431730147612,11.750871245005555,Water More,30
2023-11-17,14.18337838652568,23.001955742664023,78.70496978642598,28.104145269784837,11.095276560167138,Skip Watering,0
2023-11-16,6.7453364000863525,25.487137756501337,78.85342261802907,23.70954512438965,18.339266836858293,Water More,30
2023-11-15,18.578471420710127,21.745263818684933,62.13126149714351,24.23905423569494,24.921771731511498,Skip Watering,0
2023-11-14,15.088020451078009,24.416772896613008,66.34810189281873,27.235655954526347,10.863476017799632,Skip Watering,0
2023-11-13,10.395407579519219,22.433179729125268,63.314309966382325,29.733454281836956,15.96496179278074,Skip Watering,0
2023-11-12,7.5337759975707215,32.35242743427721,45.86869267620518,27.826878886924526,22.03754156570458,Water More,30
2023-11-11,13.654842726891923,31.53746245576685,61.19153673823677,26.371976336796276,15.713961928002615,Skip Watering,0
2023-11-10,12.050307000740245,25.785692160008775,40.02902800530443,22.20788670143257,22.229279540436444,Skip Watering,0
2023-11-09,9.966180906338638,30.564401893491578,51.89008602623705,26.25158935387242,12.181424120454313,Water More,25
2023-11-08,12.547769464053777,34.74054417195627,40.44149707748367,21.38137962055455,13.679624542593823,Skip Watering,0
2023-11-07,12.923952719662449,22.975512271862296,44.08136331372326,29.560469973855163,24.155588240535067,Skip Watering,0
2023-11-06,9.533771813005885,20.864323518202475,56.47503218745385,27.67854042622142,13.822247601298141,Water More,25
2023-11-05,0.9635167574336845,22.645373450204417,63.36108289130546,28.8219165069303,19.27598584074631,Water More,25
2023-11-04,6.590184749021024,21.03969438792267,67.64721726633334,28.788431608488402,12.50287261444297,Water More,25
2023-11-03,18.854794092057737,24.34961418652371,79.22121706627607,20.769064272331327,13.878857943936048,Skip Watering,0
2023-11-02,4.652862598926058,24.836913194519525,65.37211644479419,17.958028739788876,20.199267631824583,Normal Watering,20
2023-11-01,5.195903151787844,29.001199649752696,70.5102398348881,19.032732847650706,19.71003419544832,Water More,30
2023-10-31,12.156097884030006,26.985260465580215,48.57663493392694,24.76993901397682,24.905529219392474,Skip Watering,0
2023-10-30,2.144174476423224,29.647114604973204,78.51802379893958,24.09363008507135,16.334651575961843,Water More,30
2023-10-29,6.537289790294323,28.343282546331046,64.63255198721848,16.875457975057476,20.937778112249955,Normal Watering,20
2023-10-28,15.963360232229178,28.209793646320527,71.23572405908439,29.12331947737787,22.936256195007424,Skip Watering,0
2023-10-27,9.57069841246267,23.702037167765553,54.33164380640411,22.162658846834525,18.48031473487347,Water More,30
2023-10-26,11.022957827658388,31.27400745620998,67.35209088152739,22.359141794899514,16.965901452237958,Skip Watering,0
2023-10-25,2.345751103638629,30.6247666662022,74.8331726157545,22.001398531661096,24.660620233276187,Normal Watering,20
2023-10-24,5.663465013724913,23.884829282973858,74.55209708298509,25.89299429568569,20.068084456298966,Water More,25
2023-10-23,14.090414359524232,31.634943189542078,47.47775255093948,26.212290415458206,22.785492597461364,Skip Watering,0
2023-10-22,17.840344050428925,23.43539562147196,41.363257776044506,28.55954129829715,10.506002497713926,Skip Watering,0
2023-10-21,4.663985437992757,20.799832146762466,63.741307646281484,20.423377297432577,23.83372766802865,Normal Watering,20
2023-10-20,1.4448885413143775,20.074789140553683,45.3225296697746,22.018147051381955,16.913887505076552,Water More,30
2023-10-19,9.606129266403396,25.41999195321013,68.24680494675533,25.78397969320923,23.321145286044775,Water More,25
2023-10-18,10.882462542385692,22.22032766450127,63.45548128571554,21.365441879550158,16.910783608509362,Skip Watering,0
2023-10-17,9.572190946629728,30.418948215514106,78.36850408076666,21.813356445269683,23.74110469099829,Normal Watering,20
2023-10-16,16.315072880467312,21.19808608955671,79.45008830620922,29.32558973119453,23.17196090248557,Skip Watering,0
2023-10-15,2.736608248376997,34.16155073835691,40.20257670810777,17.709438542527582,17.709368824273618,Water More,30
2023-10-14,13.335722877488097,34.08179500645203,45.224747125555524,18.735475424496283,16.52387690656116,Skip Watering,0
2023-10-13,2.628666370877075,25.966519294332105,54.38477921715864,22.634708262955236,13.904178959204541,Water More,30
2023-10-12,5.543907049452786,22.28424172354903,41.778385264982944,20.826696412701427,20.509862169770557,Normal Watering,20
2023-10-11,18.931681049195177,22.726327416057387,47.352806827449584,24.359220822812986,15.805249297464144,Skip Watering,0
2023-10-10,9.57445166815242,25.116276551907347,46.88227230260617,28.019222902847808,16.483398038601756,Water More,25
2023-10-09,0.766715587017619,30.7557604182628,66.46632019504538,15.319822922879585,12.650942814283429,Water More,30
2023-10-08,3.0714649201903055,22.609158017162056,60.9276324380798,20.152762686927453,22.541587748026885,Normal Watering,20
2023-10-07,8.78146537005884,25.335719744584566,67.23669191884622,19.158712016641182,24.089098056317813,Normal Watering,20
2023-10-06,10.463117496130195,28.499673472756875,57.922171659457284,26.456251768640506,20.125107280789557,Skip Watering,0
2023-10-05,16.432258213125134,30.454462509879633,61.988767624366595,21.59991223218311,14.374204040374803,Skip Watering,0
2023-10-04,8.45938480781934,31.717095460280042,66.74690567869672,21.20415803372435,17.693251193713706,Water More,30
2023-10-03,1.015178814131239,23.625475453843748,64.63321309534692,23.980205009267337,16.094087157680953,Water More,30
2023-10-02,8.700978704993968,29.475422775572532,45.322039654981126,18.96406503182154,17.42024061449826,Water More,30
2023-10-01,10.750996181215733,32.89019767924241,68.12322591965014,25.541025251126193,23.124241322575074,Skip Watering,0
2023-09-30,13.28545603857304,20.929447475618986,73.084431369476,17.269678990761697,11.715723713806378,Skip Watering,0
2023-09-29,9.165187966241614,22.727778283174715,61.21234923138468,22.3855278289773,21.534683105967538,Normal Watering,20
2023-09-28,4.797288782743079,26.220364993078103,75.64861843301254,23.125358118685256,20.184068873396942,Normal Watering,20
2023-09-27,19.9841183040482,31.5693680929639,72.8251275900584,18.369545982881647,13.234583116296562,Skip Watering,0
2023-09-26,14.890404553518708,29.812207822128716,65.41640301260696,20.659104459619655,15.78463669168594,Skip Watering,0
2023-09-25,13.592877901759813,31.343883373359297,58.78638187741933,26.587172387251574,15.89869758017265,Skip Watering,0
2023-09-24,3.3767193076211144,25.39342493238775,65.26763177003764,15.223285027781454,20.13805308488648,Normal Watering,20
2023-09-23,4.54711919039172,32.707116494103076,56.35834475360568,19.240792363048065,20.465074944704856,Normal Watering,20
2023-09-22,3.516329736307837,20.959263285638457,77.7812332916964,22.502612705921493,11.477914754362583,Water More,30
2023-09-21,12.502878417491294,21.17833682852739,46.3863667157039,20.603339921675268,19.93789790915382,Skip Watering,0
2023-09-20,5.816161148946728,20.706713953686176,46.96461372446313,28.948943112434883,12.134513229997271,Water More,25
2023-09-19,15.796660267138872,28.77679070552992,78.62829232144405,25.115765880084936,23.014870426676985,Skip Watering,0
2023-09-18,2.203881643418464,33.751800626468096,64.68979186005444,24.92408897829906,13.593630093434372,Water More,30
2023-09-17,16.625055288736696,28.367501366656512,68.42304099169074,19.77079855615879,17.80582234361105,Skip Watering,0
2023-09-16,7.756547235616855,23.020112420916842,72.53812073614802,27.55048485669426,14.394213251423004,Water More,25
2023-09-15,13.576995589999845,31.98655329738768,72.82565610517854,22.03601352291219,14.75493675057947,Skip Watering,0
2023-09-14,8.395139303443852,32.35867176891239,48.98850117603267,29.395714398374988,12.698136714949108,Water More,30
2023-09-13,14.145744091127437,23.079843747528805,45.39095113222575,29.170216943265835,19.842093393188645,Skip Watering,0
2023-09-12,16.068795104975276,30.107294762777293,59.12800737809377,24.669854428079788,20.085201218475,Skip Watering,0
2023-09-11,6.553972075619347,20.786768356164732,62.29113865698847,21.22974409977447,17.59431045118143,Water More,30
2023-09-10,13.195695961592492,23.42753774670892,45.787755992611594,26.78401700016006,22.3049715928204,Skip Watering,0
2023-09-09,18.361389536805632,28.13081228579494,71.32511839188238,15.657748317635269,19.00796056008846,Skip Watering,0
2023-09-08,4.968385864888205,32.352100456182114,61.023088225002496,18.65325867941515,21.60906467007222,Normal Watering,20
2023-09-07,10.855350277238212,33.53921543933204,53.413183271301534,22.208324780125693,17.557401934294354,Skip Watering,0
2023-09-06,10.043782450594726,27.712532930619872,46.256489182805566,25.624079115953926,17.612122397772357,Skip Watering,0
2023-09-05,8.022461604750122,30.436607414504827,72.76750394855351,25.029544489415038,24.392820270207544,Water More,25
2023-09-04,12.71752912306269,24.129748976229774,73.52974366138639,18.001092508118038,15.78256690003879,Skip Watering,0
2023-09-03,13.917581840976332,22.87364841630563,62.29310529211318,22.960233264664595,18.404360384785953,Skip Watering,0
2023-09-02,5.726094989342276,24.574234980033516,46.385500102111436,16.953211159561594,18.840047221765175,Water More,30
2023-09-01,13.772928964682233,34.49218700937971,76.67437874582521,26.357359892277874,18.321685283820603,Skip Watering,0
2023-08-31,11.495114765261587,30.626531640652864,58.37885812701941,28.19626733448612,21.203984862720525,Skip Watering,0
2023-08-30,17.213301810647835,22.5956441948522,73.65150136226333,16.58487780856685,24.567986537750983,Skip Watering,0
2023-08-29,19.219180369586,27.77528892477666,49.85595924655256,19.680499442288014,23.241734624157935,Skip Watering,0
2023-08-28,5.663749653330128,20.864784923611122,69.31102769630891,15.94908536725808,10.130414117482543,Water More,30
2023-08-27,7.03870361468764,21.413653244674308,41.027879304833284,24.929089523373015,20.294036403750972,Normal Watering,20
2023-08-26,16.518751731556897,21.301211438618253,79.31011469263733,18.73785357250274,10.422847722182535,Skip Watering,0
2023-08-25,11.197788692885986,29.20862124229465,60.35751644932989,28.879175402447263,18.788394828512136,Skip Watering,0
2023-08-24,19.15783171105907,27.71868530433168,64.68688450289328,25.16698038962202,23.852897417439433,Skip Watering,0
2023-08-23,8.309694491849626,24.126620776685982,42.07358122890075,27.86711241113192,16.547848163776468,Water More,25
2023-08-22,9.401474540728369,22.173009794666005,40.05162236627885,28.737290858960762,13.872226524770918,Water More,25
2023-08-21,9.68884383098684,32.83768357545727,49.190054189487014,24.050010139003838,10.381362683327804,Water More,30
2023-08-20,19.123615598075297,22.841576942042195,47.99794103329689,17.494231501230587,21.954981268311826,Skip Watering,0
2023-08-19,15.182203050479403,27.468321386751438,59.16597186393448,22.797904085745532,18.363280137447447,Skip Watering,0
2023-08-18,7.84220623282708,31.430880132945372,65.16043893708027,20.00921327107182,13.556574187240637,Water More,30
2023-08-17,14.401968043356367,22.778727284985678,58.421193857776785,28.885229070713216,17.7004545268932,Skip Watering,0
2023-08-16,17.651007496704732,27.915857270118046,60.94543122163633,28.915100200619953,23.350095738562842,Skip Watering,0
2023-08-15,14.5946164093258,29.592706452524283,78.28867961692092,22.31632155055751,18.24892229059462,Skip Watering,0
2023-08-14,6.744754973087755,23.33732440243756,52.99982476961517,16.721892722419803,18.135561615071758,Water More,30
2023-08-13,16.288665806147264,34.341544410058816,43.7994514708567,19.475516262795512,10.045509274974616,Skip Watering,0
2023-08-12,7.616052661408103,30.555828360171187,79.01817328199778,28.253869895095452,11.898362552057048,Water More,25
2023-08-11,16.933761538921775,31.494782014113973,78.58142997541182,28.91713855720797,24.270061576700016,Skip Watering,0
2023-08-10,1.149297342189055,33.85812856965171,62.20912635341869,19.6216008479167,19.334528556121832,Water More,30
2023-08-09,16.396674465308926,26.897154654820014,72.86031601291131,29.307140426217387,12.743033695537687,Skip Watering,0
2023-08-08,19.447634246764697,29.585258016050197,58.29731764933044,24.30732584589481,24.105541964494105,Skip Watering,0
2023-08-07,17.798952430074838,20.73210951837701,63.73715283083013,17.9585338701099,20.178811762366205,Skip Watering,0
2023-08-06,0.2992418944905828,30.97081459400649,52.15978655694356,27.564811717424753,15.76328065353195,Water More,25
2023-08-05,11.952638406150056,32.58386626155628,55.20047955795935,19.652611533673408,16.302910832880322,Skip Watering,0
2023-08-04,4.130383229659921,24.099011096350132,59.50268618369762,21.10670222738512,12.912448879257303,Water More,30
2023-08-03,6.8224793245572695,28.72997131321013,63.91135879476582,17.89136054105821,18.165251063311644,Water More,30
2023-08-02,1.6618374085584975,21.034493839040035,57.446925609029094,19.266204014380254,19.36623253280655,Water More,30
2023-08-01,11.426803346925725,30.088405779192655,66.86935753908816,22.76772645173756,23.736979415880164,Skip Watering,0
2023-07-31,2.8770264336522278,28.25214987165524,79.77791561071734,29.828824705494842,12.467663812314715,Water More,25
2023-07-30,5.562704865546388,25.728802076453853,50.4201536418555,15.607073357798075,12.834687933881494,Water More,30
2023-07-29,0.009837151416605128,29.00518952390312,60.83410075964211,18.987399887100917,19.77844398936423,Water More,30
2023-07-28,7.93197753466397,20.240611211459562,78.89687610256537,17.264947470627757,22.33899261217713,Normal Watering,20
2023-07-27,9.551478621575333,34.593844451330504,47.260943076116305,24.35943626617543,10.354734428236931,Water More,30
2023-07-26,12.649628447320886,25.59291639073763,62.62323615143252,22.480650070581362,23.17014954314538,Skip Watering,0
2023-07-25,14.887721146214663,21.290498073927164,69.99719037335053,25.774328494682948,16.72118038102973,Skip Watering,0
2023-07-24,3.917324513922704,34.98512031993347,76.45821775034291,28.39953851889162,18.586248894729987,Water More,25
2023-07-23,7.867813013091514,31.24646071921638,69.78326486672962,15.205003385356383,22.982166821409564,Normal Watering,20
2023-07-22,10.556945102843446,22.77436326977219,41.987080819148176,18.144189865000314,19.51002403270536,Skip Watering,0
2023-07-21,5.329366391358546,29.27248839035381,74.46951308709637,29.08937696730589,14.082521554404186,Water More,25
2023-07-20,11.995517151428697,34.71630201887102,46.642156526579186,19.21881408402838,19.85442262255946,Skip Watering,0
2023-07-19,17.712439471510397,29.804295954585715,53.4343685679842,18.49374272845897,17.03712030636032,Skip Watering,0
2023-07-18,10.71661036970063,32.75801998715793,76.29988257305453,20.19457297064211,12.174197650011049,Skip Watering,0
2023-07-17,12.570758090887711,25.77886971483504,53.212135341583554,15.94288725471495,23.27159367106111,Skip Watering,0
2023-07-16,15.839598075226968,20.80646939388884,44.52301394122232,16.94853272903046,23.899076280031807,Skip Watering,0
2023-07-15,19.861559087194752,32.39764777998304,62.12364532235052,24.16318752278045,19.09531474134505,Skip Watering,0
2023-07-14,18.53204798668694,23.400278198624473,58.57438411299374,17.045170257875604,15.1907215382508,Skip Watering,0
2023-07-13,17.131284766810438,21.273069145762598,76.11117696557987,19.003831400490476,21.43842294774897,Skip Watering,0
2023-07-12,1.3636364755583785,24.173188024320808,61.91895090478225,21.869004738362257,15.944492700303943,Water More,30
2023-07-11,13.135921296844908,27.287068995123008,58.5651326636972,16.370107222106633,24.160282186249244,Skip Watering,0
2023-07-10,15.439236257927998,28.952902465765625,73.10395365873762,29.195799025332796,19.62507779601884,Skip Watering,0
2023-07-09,1.7925460529866788,31.02364755613737,53.03746512144919,29.304449477528642,13.431759501248225,Water More,25
2023-07-08,0.44055518176555397,21.817690862950005,47.16517725469548,29.304599200999384,18.11393388320181,Water More,25
2023-07-07,5.538981566476142,33.16861060316203,42.70315244315719,23.220532730523544,23.525399539335897,Water More,30
2023-07-06,7.738084371810993,23.436173946143143,47.24612304937252,25.302543363933317,24.004745788828963,Water More,25
2023-07-05,6.17929017088623,26.55294991684667,51.46455828230733,25.86971171965417,20.14420882091975,Water More,25
2023-07-04,9.210748652586743,31.35286009025151,54.08045983409404,17.11389044296157,18.54488979383863,Water More,30
2023-07-03,5.025158955401048,25.610483543928783,76.11984501448086,23.035285687797014,19.83962592213653,Water More,30
2023-07-02,8.636048446856229,32.034601423554236,72.84461574380612,23.880542628830998,12.111999565908134,Water More,30
2023-07-01,11.796209780281114,30.17241961381097,69.9884390816396,26.241042702463087,18.42211569121362,Skip Watering,0
2023-06-30,16.74613144721403,22.22920364314745,74.2719034095471,17.49408247234352,12.342499969290227,Skip Watering,0
2023-06-29,8.112917000544893,34.91051585106307,69.73940726566619,26.9143066306032,24.59966716275028,Water More,25
2023-06-28,0.3541229013126168,28.374677939032953,63.4191814536928,16.165001547382882,18.51687509395233,Water More,30
2023-06-27,17.718425339533038,26.128341872927194,71.01851267602675,29.1877527738569,10.426520750985732,Skip Watering,0
2023-06-26,11.668425967512324,34.65086482054983,71.60603282889305,25.958566621324202,20.75686714442343,Skip Watering,0
2023-06-25,1.1741541349427687,27.087607970430735,46.4219409750245,18.084620233224918,15.372083895128895,Water More,30
2023-06-24,19.511147151300673,33.017101482371416,45.91166008697811,17.027500456135932,15.733427642130795,Skip Watering,0
2023-06-23,9.826901183908062,28.675290832172102,56.45704240782443,29.15105929268811,22.834127587349204,Water More,25
2023-06-22,1.036798783579198,26.853739061235373,56.46322351585033,26.884454010215034,17.66122254190722,Water More,25
2023-06-21,5.9577861648971675,24.464451317750765,70.95626649655439,20.894447431913466,22.400583503262084,Normal Watering,20
2023-06-20,14.540038507830994,22.152073411887415,61.447838011637636,24.92967981008649,16.09293722192786,Skip Watering,0
2023-06-19,18.735584157141915,20.53926697299671,63.37783346344956,21.0896004501397,15.33336525177079,Skip Watering,0
2023-06-18,10.624497234849873,26.268880773391306,50.44070113687469,26.01998023135954,12.449184310852049,Skip Watering,0
2023-06-17,17.213130620709784,20.285405894065743,64.24104477739147,23.18004149391304,19.832158840894888,Skip Watering,0
2023-06-16,5.619427127083645,23.815237340122508,53.99446632678246,23.519519243793855,14.646641634874111,Water More,30
2023-06-15,14.851688942506808,30.404532967715404,53.07310295724337,22.20029959799525,14.739952958202494,Skip Watering,0
2023-06-14,3.447558832039992,26.514418119299634,76.06611364321553,18.365738332798305,19.01775045554028,Water More,30
2023-06-13,5.1458662012532645,23.229428632246712,46.934386557335436,21.290336231360403,12.049741121285928,Water More,30
2023-06-12,16.456729940286166,32.23390642186361,65.66284242550032,25.857924411327218,13.191016658871655,Skip Watering,0
2023-06-11,9.991676427649637,20.638915139199504,79.7750877289942,22.902663259781445,12.798372650513771,Water More,30
2023-06-10,19.758612445575938,29.82365733663913,43.90522731695482,19.037903959154182,23.069934138661846,Skip Watering,0
2023-06-09,6.505664231964749,22.547398740590854,79.08717653349271,27.272455134582913,19.80629105671193,Water More,25
2023-06-08,4.067744173451883,21.17206905854795,72.18377494699622,29.193119997119144,17.37974890556772,Water More,25
2023-06-07,3.2581681172135446,25.295614699099147,73.47257625777881,27.098883451378132,12.209595708458792,Water More,25
2023-06-06,9.435341026332274,31.21770836450016,62.835342687931046,25.475325534828478,13.996068305275408,Water More,25
2023-06-05,14.721223525564877,25.32144232691931,73.31279408235335,24.7226162702152,14.707029647314389,Skip Watering,0
2023-06-04,16.505509735055462,25.46658635960883,44.250291687130535,23.501456519322215,21.430836745678604,Skip Watering,0
2023-06-03,11.661036496235882,20.147610160575447,75.31505899489125,24.37435634116219,15.62937552936171,Skip Watering,0
2023-06-02,15.456420583374781,25.657786164266007,62.58412397364644,18.0951416556539,11.748057150816113,Skip Watering,0
2023-06-01,15.498275614243632,32.47255211187714,52.101296169115635,21.984715276030283,18.457934828979234,Skip Watering,0
2023-05-31,12.342671074747676,26.15712157050856,61.601608059745146,20.793995859137382,14.721234622109973,Skip Watering,0
2023-05-30,11.979334515483666,28.35592772533761,50.33194576237982,19.707809618207076,23.694151498126804,Skip Watering,0
2023-05-29,7.099648087145287,22.831918071438317,57.73365249542268,27.991928202585026,12.070595702352591,Water More,25
2023-05-28,2.1585495062193116,24.548190942385286,63.37825187052685,16.071215856838812,13.689825748840558,Water More,30
2023-05-27,8.77873220871377,21.69624500293107,66.8427843807986,24.236338747805082,21.363347874611293,Normal Watering,20
2023-05-26,14.216177629816062,34.74145975617074,48.54361961852648,20.439497750194626,10.472114489448794,Skip Watering,0
2023-05-25,1.9819601925058206,29.032054687739382,51.10232586269186,18.717795142798817,13.848544436224895,Water More,30
2023-05-24,17.831437738502164,27.41332262480152,73.39685087685538,18.80318435736272,21.116013675620643,Skip Watering,0
2023-05-23,4.974512613571392,20.33946368438223,42.113210659193555,18.832295525396717,12.699000249566048,Water More,30
2023-05-22,9.578321385013924,27.333793522547374,61.52534933676378,18.66800842857488,16.94292356849934,Water More,30
2023-05-21,14.747794379921853,23.2133902312301,42.01840098396927,18.6790676127383,23.095460352100226,Skip Watering,0
2023-05-20,18.667253086160898,23.23575987543141,66.55912294585711,18.677622254170224,17.632525366099838,Skip Watering,0
2023-05-19,8.819406295785623,22.38977748243816,56.61220822224375,29.42514002975549,15.30669112293091,Water More,25
2023-05-18,17.767877901420583,27.95401378241322,48.78263206040472,28.217097728418373,15.659773535346499,Skip Watering,0
2023-05-17,7.856487675301469,34.81186011613741,77.35135980420006,17.731816761828913,11.427276555244077,Water More,30
2023-05-16,7.349492369565354,26.4403762478655,66.17406003969165,18.681883857612807,22.830543562897624,Normal Watering,20
2023-05-15,5.0448198795575205,30.146790336008614,79.39837837539625,24.209275464009934,10.409923040199185,Water More,30
2023-05-14,3.3189411740197983,21.809654130688173,57.58363149404056,16.747104276104913,15.054010627423867,Water More,30
2023-05-13,2.284942739126785,27.235656768929193,43.2251785745959,25.915325029689676,10.474564015503327,Water More,25
2023-05-12,8.768299475871766,31.976751737051966,62.74124378480419,23.156411732615513,11.357135108805272,Water More,30
2023-05-11,11.418337853485635,28.53517585721812,59.094861484688245,29.12243113315505,19.65980802382863,Skip Watering,0
2023-05-10,15.646220100564989,30.71596184044327,44.47582332587985,22.252571977435245,15.851649410104029,Skip Watering,0
2023-05-09,9.334463507745612,28.32485782402447,51.82543900910253,19.25587855125445,19.629077550610724,Water More,30
2023-05-08,1.6563338839443809,26.139431926803297,41.95976682596642,21.873621562985225,17.321438070636944,Water More,30
2023-05-07,2.145013330303116,33.96586897366723,71.91637165442788,18.043654679141316,17.63874134285036,Water More,30
2023-05-06,13.992191103998898,23.91670066155165,41.91105554609021,28.540028475130455,20.990058821465546,Skip Watering,0
2023-05-05,0.04265718997562118,24.517689766081887,71.88746365202951,29.26281558713202,19.57111119144637,Water More,25
2023-05-04,2.587629071931825,20.462352781239517,45.55730120042098,15.676455628992,15.25805541106946,Water More,30
2023-05-03,4.170749415057681,27.957171383008514,71.4939171764563,25.924579971522398,23.249361719033033,Water More,25
2023-05-02,16.748192870405095,31.5992509044561,48.90954857980856,29.647967405605243,15.34973046783562,Skip Watering,0
2023-05-01,2.037032236576941,33.557010198986355,66.72977389166282,22.94651337049984,14.952402357591588,Water More,30
2023-04-30,0.5016562219910248,27.534787696149554,51.74731681620293,21.8725741294732,19.63144175796694,Water More,30
2023-04-29,3.539270488688777,24.876410345965486,60.76062088767456,16.21257751223233,11.60258377223563,Water More,30
2023-04-28,9.496650539877736,34.24601886084881,54.16192896443808,18.247664070630535,14.436247672431968,Water More,30
2023-04-27,7.772562112260366,23.6650989198964,52.60200404074256,18.660154516456693,17.85577562963887,Water More,30
2023-04-26,14.91906863953652,31.60744136620337,48.227339960052475,23.89406239583326,10.353283755973127,Skip Watering,0
2023-04-25,1.686656607873711,22.366389045467862,46.65083151507742,16.857679049082655,12.092173583588444,Water More,30
2023-04-24,10.61294505735631,30.939228035287137,49.87713600154851,16.49211772008974,12.930152348905656,Skip Watering,0
2023-04-23,1.4656689677672352,23.599141291986676,74.62168515228346,20.464291942046017,20.477498308523217,Normal Watering,20
2023-04-22,16.65519466085154,21.439407323409938,49.02767566174476,28.822379879726764,21.618264059339914,Skip Watering,0
2023-04-21,19.328770277394494,25.69122310029747,71.77476269212269,15.85057693611487,13.756079942761682,Skip Watering,0
2023-04-20,3.8893597252175782,31.229775177044136,41.512966574520284,26.61249118733195,17.607241653655237,Water More,30
2023-04-19,19.344267404340844,20.418962799892217,77.79736475502918,29.635172872091594,14.71774881732243,Skip Watering,0
2023-04-18,18.237262496458417,30.706615123690526,79.84469761592628,26.532171929007767,14.470046291487648,Skip Watering,0
2023-04-17,14.722344017488467,31.56449241312911,45.17659204646718,21.2350347984352,12.734950309466532,Skip Watering,0
2023-04-16,16.592554675522994,30.47863964068355,79.34852192306855,24.01163095469611,11.760708642382859,Skip Watering,0
2023-04-15,13.58856460249525,24.373672764445725,57.84648112993355,18.088794200848376,17.52492744557314,Skip Watering,0
2023-04-14,3.2601761537060914,31.257304671748614,68.77788127382114,16.640154381404635,23.21817009136484,Normal Watering,20
2023-04-13,18.047550476855537,20.197774250935517,69.7963479156184,26.312674774112775,16.26919643881275,Skip Watering,0
2023-04-12,4.668770208653998,23.771930827933133,53.40922978519123,28.701260785985706,23.810011109268153,Water More,25
2023-04-11,0.9004854060123302,29.63419503506738,51.942494014016965,26.159888925767405,15.544834943456653,Water More,25
2023-04-10,5.099033924053775,34.236255773025874,59.306650666757285,19.225186635390887,19.408113253715015,Water More,30
2023-04-09,0.6648632186764813,30.966336625755737,52.123699229628954,27.553679695118397,20.279137792436405,Water More,25
2023-04-08,5.1514415549710275,28.40179047875661,71.32501916451022,24.887596935593287,12.996591666476462,Water More,30
2023-04-07,4.249117753982987,32.61996335631111,48.9564274170428,16.18341184124474,21.26520063925286,Water More,30
2023-04-06,12.057015846854359,20.71032102194683,65.72893797071504,17.90206543443926,20.47389702943793,Skip Watering,0
2023-04-05,9.970627809904135,33.494846292719274,43.793153495083395,18.390465467597444,12.349928536715176,Water More,30
2023-04-04,0.7053983565589261,24.24098771414787,53.059545736149225,29.17007762943924,24.14932935790405,Water More,25
2023-04-03,12.574622790804316,28.23700996727672,46.18574348165288,26.60832080013988,13.373557272606792,Skip Watering,0
2023-04-02,4.557650264742565,24.666736047146976,51.5767271632793,18.03232449714683,21.540986809149253,Normal Watering,20
2023-04-01,11.607301837833717,23.32564571174942,44.636484116406876,25.965304691120515,17.609916574083837,Skip Watering,0
2023-03-31,11.564427528116676,32.55015464784546,71.24701452928369,20.36957854872487,23.42984222745619,Skip Watering,0
2023-03-30,12.669109663279203,23.024423394803325,78.94181611548856,27.515742379993213,20.75890341705425,Skip Watering,0
2023-03-29,9.678450664607219,28.302600134870303,64.22706286706574,29.405178922134603,11.135347078860608,Water More,25
2023-03-28,0.42059636403372735,32.965322332661444,79.2729200307947,24.814406340218444,21.809832450406034,Normal Watering,20
2023-03-27,0.8574706221552586,34.21699890408347,63.278636827060666,29.377462462477936,12.665470423347886,Water More,25
2023-03-26,6.236523203286897,22.869597877248502,68.34025947500562,29.16232451498351,13.70919288323369,Water More,25
2023-03-25,18.36490877487974,25.287826766419393,43.174603258896155,22.95864546720552,15.336917010182825,Skip Watering,0
2023-03-24,4.1804481204265524,30.47988311229125,59.75225799525272,20.105050523775773,14.566594623780015,Water More,30
2023-03-23,18.85013295663397,25.930401058304337,73.10528725641329,28.68457569577437,11.097002680906852,Skip Watering,0
2023-03-22,14.481451042953818,24.01451443187375,69.87983610283342,24.640552800104395,13.968922097263844,Skip Watering,0
2023-03-21,0.06072227593717505,28.973716057915507,40.041178079316396,28.799791302948876,21.320896372731255,Water More,25
2023-03-20,13.379611388345104,28.329730365897156,64.8311680055545,24.61117566056207,14.237233528035958,Skip Watering,0
2023-03-19,7.043847935339295,34.635313664840616,52.653723312363525,25.688320586164323,16.34569964476279,Water More,25
2023-03-18,2.725353897856211,21.786307199879143,50.35212233259328,20.068175671328195,10.665441877017996,Water More,30
2023-03-17,14.992629611586691,28.373559152291925,73.31352542915296,27.48344366807602,18.153569587510653,Skip Watering,0
2023-03-16,19.6126966802297,34.24304602581465,76.95650918180831,23.922138102172305,11.481195895573423,Skip Watering,0
2023-03-15,16.305301606120544,23.8325709099682,40.16046984916527,16.123911369093396,11.973146497899043,Skip Watering,0
2023-03-14,12.917800057494539,28.49633195769956,58.92247844067842,26.398430704298995,11.366253170226951,Skip Watering,0
2023-03-13,9.24177553672729,32.71066250407493,60.94370234200163,23.54013218281029,14.089611517457753,Water More,30
2023-03-12,16.711743647209623,22.725060056461963,74.5061015642088,17.69305578433025,13.745977330380883,Skip Watering,0
2023-03-11,15.456023720114535,29.637752848565114,60.50482819279475,28.234559266310384,21.952054236946807,Skip Watering,0
2023-03-10,0.30119693257615765,30.051439604738306,46.95378454252496,26.159745922431423,17.669651136077842,Water More,30
2023-03-09,7.757336522632126,21.767272754124313,48.54815592757447,17.452942731981032,20.994702488313997,Normal Watering,20
2023-03-08,11.416683407230007,30.064729242320894,45.934819893554454,15.996506659836035,10.918732965238792,Skip Watering,0
2023-03-07,8.741071628432737,29.0337673448893,41.16565960701131,20.707496421620462,17.8507876294889,Water More,30
2023-03-06,14.699391014286057,32.283801660327406,51.609520798479004,15.645314214423955,24.084083922546338,Skip Watering,0
2023-03-05,3.252802519269322,28.039111914271643,75.4040736107051,28.42863575927627,14.555890265772074,Water More,25
2023-03-04,0.136216968191043,20.97432645501226,79.58331743836536,22.25007194143257,17.57539481276568,Water More,30
2023-03-03,0.3224807029983423,29.58197844750798,79.98321631192938,24.84423433186667,17.29082080686558,Water More,30
2023-03-02,6.9149675654841065,27.912050887872088,69.57414860679711,15.922765833262513,19.536596072286613,Water More,30
2023-03-01,3.981792595342444,24.613643700328335,74.480487159011,15.208765078262957,14.49787155617739,Water More,30
2023-02-28,6.370804777882489,25.329623787693393,65.80047049267529,21.30515146390119,19.701799426284346,Water More,30
2023-02-27,18.300076852842867,24.73021450208859,58.75595897129095,17.45988183769719,18.75192458746406,Skip Watering,0
2023-02-26,11.970097623687838,20.233337622667126,62.19541496238608,18.357497061617703,18.709961344249244,Skip Watering,0
2023-02-25,12.757854274518294,30.263495772295272,48.08797188052786,24.416824266675,21.427539133809532,Skip Watering,0
2023-02-24,15.9399587878292,20.98671929376253,55.63747463898123,15.849955463358597,17.501611525689412,Skip Watering,0
2023-02-23,15.609367480443696,24.004497542402728,58.19484246899124,18.972960608116313,17.39801665900063,Skip Watering,0
2023-02-22,3.846448624940806,20.714879656354853,60.910386742583185,24.096886907973307,12.246678278459504,Water More,30
2023-02-21,18.211765235844062,30.56548165930174,57.36773937551875,25.019125331229404,19.89006637919863,Skip Watering,0
2023-02-20,6.882251048565784,25.11124712481498,75.1260774479696,27.339946052647946,11.676676258623214,Water More,25
2023-02-19,5.3699992072583935,23.256552469451876,62.82395424183795,22.407473609106596,12.855308647962286,Water More,30
2023-02-18,11.69870732261421,20.498277939433706,60.107575655056834,23.117755116811033,14.687450120464968,Skip Watering,0
2023-02-17,2.5591238295357766,34.47892494024049,62.784176763439255,23.865243314290524,13.895141929753315,Water More,30
2023-02-16,8.45057123592131,21.547887906878245,49.113884694132224,28.228762582354037,11.79693363282929,Water More,25
2023-02-15,4.317055138947186,21.334015278647392,74.52943996691599,28.186489191154855,11.889414675285872,Water More,25
2023-02-14,17.808802353195357,31.209047593897353,44.95697161112947,29.360955247367333,16.587888699740223,Skip Watering,0
2023-02-13,11.030035620654555,24.90764195992801,50.050165501961736,20.159759433803544,20.46641102615261,Skip Watering,0
2023-02-12,4.553628692791878,22.622918140529517,42.47483183037201,24.015120701783133,15.915601096915003,Water More,30
2023-02-11,10.987038624838075,26.3632926480887,73.148076823511,27.097915003551353,23.749167179911677,Skip Watering,0
2023-02-10,10.989444172831606,27.58904704582922,75.1628876895219,20.53868224603116,11.09175309304629,Skip Watering,0
2023-02-09,7.072989720228458,33.12125653775533,70.76428979729285,24.61417869066155,23.2332200277916,Normal Watering,20
2023-02-08,3.348576010486173,26.578025131380024,48.929637120948314,18.15968255409085,13.989344219634042,Water More,30
2023-02-07,4.742888200205206,31.172033100689923,46.22303909123883,22.205888786799605,20.101973274997277,Water More,30
2023-02-06,6.93752566435127,22.15951426413918,47.87032851708484,29.559957542973358,23.21545107547893,Water More,25
2023-02-05,14.90585833401685,26.838786266840998,67.56687437395641,28.671780367127816,16.787783844402597,Skip Watering,0
2023-02-04,13.991131997982553,20.91807788726475,58.56880441864826,18.27746851169508,13.121101699815686,Skip Watering,0
2023-02-03,5.0346834747291025,29.68282529453572,79.17448603381891,21.643204048833528,22.245189477078128,Normal Watering,20
2023-02-02,1.196716703074423,27.042343206602386,77.88015298101948,25.155051999060003,12.058845903781226,Water More,25
2023-02-01,11.840024586709143,27.203379283301942,67.04439745715479,18.280687109188676,14.486963426798095,Skip Watering,0
2023-01-31,3.93310899723744,25.363718692708908,60.95186310933772,29.134647421284253,10.077018490568888,Water More,25
2023-01-30,8.753204195314616,24.911529694899286,54.906192817531206,22.181248137892155,22.538695059390346,Normal Watering,20
2023-01-29,5.6157032751778075,25.21650191852993,63.008263559245094,15.090513219170115,11.954057648593688,Water More,30
2023-01-28,3.987536760876129,28.972644732225497,50.033065567509645,20.24271111936241,12.356646397902114,Water More,30
2023-01-27,14.172179337711636,22.075371174851863,44.71999231974199,15.372124338345708,21.74435614337098,Skip Watering,0
2023-01-26,2.302421484860886,34.73649501446423,43.14463032452437,21.713111392503098,18.0617690319037,Water More,30
2023-01-25,14.715236418181503,25.07363384410074,66.5143834746334,27.95121494660321,17.28709596572145,Skip Watering,0
2023-01-24,19.07694224341071,20.766667454116707,41.141828743608365,25.892141233891714,16.38822741644022,Skip Watering,0
2023-01-23,11.119924752684458,24.39952601213869,53.33662865474881,22.995699154448403,19.528682534482293,Skip Watering,0
2023-01-22,16.172625035597076,32.92251547448643,57.75467884549181,26.66347808064139,19.780114805470205,Skip Watering,0
2023-01-21,0.5637202323820345,28.256985353758246,53.6258331159758,20.968907704455074,13.327195331067756,Water More,30
2023-01-20,17.63071316520851,23.020201938561552,48.58596800845788,20.31814143966443,10.615200742773643,Skip Watering,0
2023-01-19,16.570073958590136,31.578345397227377,65.9622655576893,16.133725921862943,24.469479291713782,Skip Watering,0
2023-01-18,6.254550072307787,33.50955614680338,41.2201120755575,15.948704731785723,15.057558135811217,Water More,30
2023-01-17,7.793768196149246,28.590455379841238,79.46235034154404,22.901550719125787,19.029544901707897,Water More,30
2023-01-16,7.595479494131574,27.337064591413398,78.58534351022047,22.108003851963005,14.452608218160062,Water More,30
2023-01-15,9.484634054217349,28.757299345957456,71.18432723106372,15.589203005055635,12.339212505704559,Water More,30
2023-01-14,10.898355160634544,21.247475019817987,70.86650910691607,29.1991257787429,21.37836294811966,Skip Watering,0
2023-01-13,15.909374561648544,24.828948658905702,48.00549883554312,15.78839248098272,10.074299975053643,Skip Watering,0
2023-01-12,1.54250851910116,33.088183671946915,43.90443828537848,29.30910551731088,14.655019690425787,Water More,30
2023-01-11,18.920259573606128,22.674951731353318,62.87205925202835,26.51328388392239,10.278107926901637,Skip Watering,0
2023-01-10,3.9489275130765567,24.097586213120046,72.7727584403815,25.35993670651394,15.539279535203878,Water More,25
2023-01-09,2.5815583063000402,21.49213232226328,58.46022733638425,26.052443437659466,12.258367154584905,Water More,25
2023-01-08,4.9894487812271615,29.45862856847161,68.9493989068472,28.799996739078946,14.358591968483164,Water More,25
2023-01-07,8.056261262663151,31.194593758626645,76.45648484720395,28.86833956597521,15.996980009714395,Water More,25
2023-01-06,11.2309032851352,20.45647313794713,64.30415871057555,16.272132175106933,22.760366806914984,Skip Watering,0
2023-01-05,1.1720969353739519,25.85021796387852,59.93588491510957,15.088751292908016,21.4028264793463,Normal Watering,20
2023-01-04,1.5384265082118742,34.41346784260179,43.18935696177589,18.902109915960015,20.193136822102637,Water More,30
2023-01-03,10.409613929042195,33.601354875007914,78.94957174530956,15.03619320893161,18.80656412220858,Skip Watering,0
2023-01-02,15.003506879785867,32.614008782456196,56.976536714966926,22.815172383964807,15.90617336949036,Skip Watering,0
2023-01-01,17.20239108708874,28.658204816924368,46.86202996559387,15.12721820619308,17.874466478304313,Skip Watering,0
2022-12-31,0.3044968565989037,28.80562143234733,67.58778254546198,29.55266717180137,18.289972436199577,Water More,25
2022-12-30,8.542811253620163,29.254579340388585,73.58813840617188,19.284939500696403,19.731036563786052,Water More,30
2022-12-29,13.4118164767088,23.878933029418707,62.026599015084116,16.081293574928914,18.57222345516238,Skip Watering,0
2022-12-28,13.693312499454573,30.038451290309375,64.3360957730111,26.8869563046919,13.12009882717134,Skip Watering,0
2022-12-27,16.078118180593794,33.586188451519256,76.08840397018957,24.168032418480493,12.680479001864846,Skip Watering,0
2022-12-26,16.048829750170327,26.085399408680765,59.07462791759726,26.049243723838853,16.71179600161109,Skip Watering,0
2022-12-25,18.510433490374187,25.523334856580547,54.000334686899805,20.13837568116377,22.75068341013008,Skip Watering,0
2022-12-24,6.720622100486022,24.92196187535483,75.04166671795318,22.85324204170187,17.315410401657537,Water More,30
2022-12-23,9.497478453445652,28.813766864406468,64.43929493524766,25.962149839256462,14.159544559161635,Water More,25
2022-12-22,12.918801115844627,30.2236444759049,50.38488407170297,20.857127306270208,15.138407020959487,Skip Watering,0
2022-12-21,17.92710051249569,31.992251045178712,59.02092585939074,15.835568034259811,21.796711846500322,Skip Watering,0
2022-12-20,4.808532414023179,24.866209452545252,59.42850690841955,20.896102130407765,11.376194436202471,Water More,30
2022-12-19,10.9146677232257,33.068349466565216,51.82268562246301,19.747152274278612,14.620400636655013,Skip Watering,0
2022-12-18,15.744603633940503,27.071481394750613,69.05840618193486,24.288031209472514,23.42347179546362,Skip Watering,0
2022-12-17,13.073513967416172,20.449656066080475,68.31106413783189,18.123512818215275,13.925973366677876,Skip Watering,0
2022-12-16,8.448307403384012,25.639595961593727,51.00113213802619,18.60936105048709,24.651042653519198,Normal Watering,20
2022-12-15,15.576846294015152,32.211817198825635,78.32549945621966,29.2098920220918,15.320632788044318,Skip Watering,0
2022-12-14,2.7240107933436764,23.214486213445685,66.98752442652807,20.16139663793654,14.470275262190334,Water More,30
2022-12-13,4.188094409850185,21.154960964708483,61.293923663455345,23.840633002104894,24.36191974978795,Normal Watering,20
2022-12-12,17.038443030438273,27.841213489852052,75.6063998370617,26.617400965506068,18.414209766644966,Skip Watering,0
2022-12-11,19.722834051624865,21.55554435469932,48.639002746490135,19.19784489611027,18.47775199542722,Skip Watering,0
2022-12-10,15.157933998877303,27.204490986587047,47.98458852818633,20.606372975639164,20.295323048776773,Skip Watering,0
2022-12-09,0.17807093210472358,21.99685677180897,52.36895207144798,20.702744091436188,21.89623043971215,Normal Watering,20
2022-12-08,14.210151617076935,25.345756191075033,73.8785523592593,23.335974365602862,18.299533002708014,Skip Watering,0
2022-12-07,9.22343584184141,20.06969965341382,60.17465017584594,25.804968609843634,11.231754843196383,Water More,25
2022-12-06,9.98978008569635,31.629333586271407,74.44287022584771,29.453586680522363,19.780912105308825,Water More,25
2022-12-05,18.813914602150092,30.955489787652898,69.19665665483879,19.41069691351009,22.765135619916727,Skip Watering,0
2022-12-04,13.904907524571959,21.49925988513766,40.791148334592066,23.488789226398804,13.622284971834242,Skip Watering,0
2022-12-03,13.198409554147112,20.13780552074988,46.24014345219449,21.912054325138435,13.701017304659288,Skip Watering,0
2022-12-02,19.829927343969416,25.133148853796783,45.157961384562014,17.826207625100068,22.247017055483525,Skip Watering,0
2022-12-01,15.036242961354906,20.639151639974337,58.658193256509456,17.33632718496476,17.887718249606422,Skip Watering,0
2022-11-30,13.361920343728023,30.834070631673768,77.72653001316989,27.309390873016703,19.536574614465025,Skip Watering,0
2022-11-29,13.589190438749565,33.64763683749406,67.43354536876538,25.39912032213133,20.014398138583125,Skip Watering,0
2022-11-28,4.987826739102738,27.44989317099051,78.75627136602384,17.141848181558174,13.325805131130958,Water More,30
2022-11-27,18.498225606149433,26.663211497047918,43.05117717290094,15.858953122667241,17.146069152253535,Skip Watering,0
2022-11-26,10.802171039644485,21.132345701495915,68.02435685736432,17.484560715776134,23.649199526554334,Skip Watering,0
2022-11-25,3.6923867969452795,29.32494447022843,44.2865407685048,16.604161451303646,23.901017149053374,Normal Watering,20
2022-11-24,15.882775087936894,34.27960203853518,65.80619053038247,22.18153207758134,16.536375541405764,Skip Watering,0
2022-11-23,6.1510743158874615,30.793356134360806,66.52624697594248,18.66986875068027,12.992032733921768,Water More,30
2022-11-22,6.638164225424077,27.48286309661588,62.72415351961992,15.61172837325859,19.30608386705793,Water More,30
2022-11-21,10.934695176889118,22.560449322119446,59.939494285150516,25.732917283107643,18.08318290865318,Skip Watering,0
2022-11-20,18.735717305657904,26.4687068397439,44.42374142848801,22.36061446688499,24.548328913300455,Skip Watering,0
2022-11-19,1.9999723895285282,33.022397526383145,67.09690563162127,24.124692590634144,16.086673600254056,Water More,30
2022-11-18,11.385635818232991,25.870462886043125,61.09989134247938,17.137560322226122,23.595143263678423,Skip Watering,0
2022-11-17,11.43497322466471,33.9688349087674,73.67435516020743,22.925087541383476,15.516586231809068,Skip Watering,0
2022-11-16,12.144597313806644,24.587060906582998,60.79077430491357,24.118842355660256,12.598205419481694,Skip Watering,0
2022-11-15,3.2386432437072177,27.83503809725097,57.39497314419598,16.55219830569274,21.936926859445848,Normal Watering,20
2022-11-14,5.774241515761429,33.826625573521774,62.243499282189674,23.230004432738376,16.481319081518762,Water More,30
2022-11-13,19.894938214580556,25.499551058418746,68.16206236351398,29.922477896483123,17.281191141777473,Skip Watering,0
2022-11-12,15.730003625330468,22.83350102893444,53.04454449397416,29.94067078730918,10.89977290323885,Skip Watering,0
2022-11-11,4.406793079006115,26.806712432218674,60.8311756081848,15.28441275055251,18.504739598636622,Water More,30
2022-11-10,15.907222963389849,28.920722646592708,51.30639250776788,21.7490662016336,13.346408612722893,Skip Watering,0
2022-11-09,8.192145296695694,21.09436669221913,79.37062738070762,24.88289551992844,23.811623070644487,Normal Watering,20
2022-11-08,14.077022874423772,27.432903657504514,49.97476484690284,22.293682273304942,16.600293437429816,Skip Watering,0
2022-11-07,13.415266435977344,32.78588667778517,74.58878141742592,19.354678139822767,12.161953300056974,Skip Watering,0
2022-11-06,4.331505782237732,23.87502325707301,59.75504957569008,25.60440883638154,17.870751169774604,Water More,25
2022-11-05,1.7410771639955414,25.124227296897992,61.602780346521456,21.409894261332006,10.531219717198201,Water More,30
2022-11-04,15.61059834590506,27.3436151441481,64.79265947018885,28.632368539259016,11.623235104784497,Skip Watering,0
2022-11-03,10.083266640266418,31.43605008249162,53.046147638504124,23.608380755338644,12.878987723329661,Skip Watering,0
2022-11-02,9.302068754590035,21.71991167688891,77.13040542093728,20.537602628516552,11.51148729066318,Water More,30
2022-11-01,14.881490728666604,34.408505807960864,51.79361231060145,27.685395161832865,12.27108918288177,Skip Watering,0
2022-10-31,5.7726450540632275,23.107807035441223,40.593510321175,27.622128253235626,18.26551836152339,Water More,25
2022-10-30,7.435027354828456,29.33605892391015,66.27057553290506,19.220854294243253,20.11646671416564,Normal Watering,20
2022-10-29,18.263830587490506,25.519291814242475,50.351758633460754,15.865668099461129,12.121933686506313,Skip Watering,0
2022-10-28,14.22716879070454,24.833693836199387,64.51698190728285,27.583157693871115,11.247438350792518,Skip Watering,0
2022-10-27,6.44820420299858,34.47298775674895,72.99392400827843,19.767824054310378,12.279313738896347,Water More,30
2022-10-26,2.3464157473834812,22.94400633475338,77.59669074189307,27.100397921842077,14.751766904025235,Water More,25
